web-scraper-order,web-scraper-start-url,car_page,car_page-href,product_name,price,mileage,sold_by,location,rating,no_of_reviews,fuel_type,city_mpg,highway_mpg,drivetrain,engine,exterior_color,interior_color,stock,transmission,vin,contact_info
1592756533-231,https://www.cars.com/for-sale/searchresults.action/?drCntId=28004&kwm=ANY&mdId=20606&mkId=20017&mlgId=28866&page=1&perPage=20&prMx=15000&rd=50&searchSource=GN_REFINEMENT&sort=relevance&stkTypId=28881&zc=02446,"Used




                                    $15,000


                                    35,622 mi.






                            2017 Honda Accord LX










                                    HOT CAR




                                    LOCAL HOME DELIVERY


                                    VIRTUAL APPOINTMENTS




                                Ext. Color:

                                    Gray



                                Int. Color:

                                    Gray



                                Transmission:

                                    CVT



                                Drivetrain:

                                    FWD











                                Save



                                                                Compare









                                    Free CARFAX 1-Owner Report






                                Tasca Automotive Group



                                             () -
                                            (888) 842-0720



















                                        4.9  (5031 reviews)



                                44 mi. from 02446









                                    Check Availability



                                            Call",https://www.cars.com/vehicledetail/detail/813842748/overview/,2017 Honda Accord LX,"$15,000 ","35,622 miles",Sold by Tasca Automotive Group,"Cranston, RI 02920",-4.9,5032 Reviews,Gasoline,23,32,FWD,2.4L I4 16V GDI DOHC,Modern Steel Metallic,Gray,IP5359,Automatic CVT,1HGCR2F33HA159683,(888) 842-0720
1592756649-265,https://www.cars.com/for-sale/searchresults.action/?drCntId=28004&kwm=ANY&mdId=20606&mkId=20017&mlgId=28866&page=1&perPage=20&prMx=15000&rd=50&searchSource=GN_REFINEMENT&sort=relevance&stkTypId=28881&zc=02446,"See all 5 photos

















                                Used




                                    $15,000


                                    45,280 mi.






                            2016 Honda Accord Touring




                                Ext. Color:

                                    Silver



                                Int. Color:

                                    Black



                                Transmission:

                                    Automatic



                                Drivetrain:

                                    FWD











                                Save



                                                                Compare









                                    CARFAX Report






                                Andy (Private Seller)





                                40 mi. from 02446









                                    Check Availability",https://www.cars.com/vehicledetail/detail/810089291/overview/,2016 Honda Accord Touring,"$15,000 ","45,280 miles",null,null,null,null,Gasoline,21,34,Automatic,"45,280",Silver,Black,FWD,6-cylinder,null,null
1592756569-242,https://www.cars.com/for-sale/searchresults.action/?drCntId=28004&kwm=ANY&mdId=20606&mkId=20017&mlgId=28866&page=1&perPage=20&prMx=15000&rd=50&searchSource=GN_REFINEMENT&sort=relevance&stkTypId=28881&zc=02446,"See all 30 photos


















                                Used




                                    $14,999


                                    59,382 mi.






                            2014 Honda Accord EX-L










                                    HOT CAR






                                Ext. Color:

                                    White



                                Int. Color:

                                    White



                                Transmission:

                                    Automatic



                                Drivetrain:

                                    FWD











                                Save



                                                                Compare









                                    Free CARFAX Report






                                AutoMax Preowned Framingham



                                             () -
                                            (508) 251-5016



















                                        4.7  (1037 reviews)



                                16 mi. from 02446









                                    Check Availability



                                            Call",https://www.cars.com/vehicledetail/detail/813693948/overview/,2014 Honda Accord EX-L,"$14,999 ","59,382 miles",Sold by AutoMax Preowned Framingham,"Framingham, MA 01701",-4.8,1037 Reviews,Gasoline,27,36,FWD,3.5L V6 24V MPFI SOHC,White Orchid Pearl,Ivory,B89545A,6-Speed Automatic,1HGCR3F87EA010982,(774) 556-7034
1592756599-250,https://www.cars.com/for-sale/searchresults.action/?drCntId=28004&kwm=ANY&mdId=20606&mkId=20017&mlgId=28866&page=1&perPage=20&prMx=15000&rd=50&searchSource=GN_REFINEMENT&sort=relevance&stkTypId=28881&zc=02446,"See all 27 photos


















                                Used




                                    $14,998


                                    61,818 mi.






                            2012 Honda Accord EX-L










                                            Good Deal









                                Ext. Color:

                                    Black



                                Int. Color:

                                    Beige



                                Transmission:

                                    Automatic



                                Drivetrain:

                                    FWD











                                Save



                                                                Compare









                                    Free AutoCheck Report






                                CarMax North Attleboro - Now offering Curbside Pickup



                                             () -
                                            (508) 342-5374



















                                        3.3  (3 reviews)



                                29 mi. from 02446









                                    Check Availability



                                            Call",https://www.cars.com/vehicledetail/detail/813460338/overview/,2012 Honda Accord EX-L,"$14,998 ","61,818 miles",Sold by CarMax North Attleboro - Now offering Curbside Pickup,"North Attleborough, MA 02760",-3.3,3 Reviews,Gasoline,23,34,FWD,2.4L I4 16V MPFI DOHC,Black,Tan,18324986,5-Speed Automatic,1HGCP2F84CA217990,(774) 606-2129
1592756633-260,https://www.cars.com/for-sale/searchresults.action/?drCntId=28004&kwm=ANY&mdId=20606&mkId=20017&mlgId=28866&page=1&perPage=20&prMx=15000&rd=50&searchSource=GN_REFINEMENT&sort=relevance&stkTypId=28881&zc=02446,"JUST ADDED





























                                            See all 29 photos


















                                Used




                                    $14,995


                                    44,639 mi.






                            2015 Honda Accord Sport










                                    HOT CAR




                                    LOCAL HOME DELIVERY




                                Ext. Color:

                                    White



                                Int. Color:

                                    Black



                                Transmission:

                                    CVT



                                Drivetrain:

                                    FWD











                                Save



                                                                Compare









                                    Free CARFAX Report






                                Wellesley Volkswagen



                                             () -
                                            (781) 489-3319



















                                        4.9  (1914 reviews)



                                8 mi. from 02446









                                    Check Availability



                                            Call",https://www.cars.com/vehicledetail/detail/813927069/overview/,2015 Honda Accord Sport,"$14,995 ","44,639 miles",Sold by Wellesley Volkswagen,"Wellesley, MA 02482",-4.9,1913 Reviews,Gasoline,24,34,FWD,2.4L I4 16V GDI DOHC,White Orchid Pearl,Black,203116A,Automatic CVT,1HGCR2F5XFA114609,(781) 489-3319
1592756639-262,https://www.cars.com/for-sale/searchresults.action/?drCntId=28004&kwm=ANY&mdId=20606&mkId=20017&mlgId=28866&page=1&perPage=20&prMx=15000&rd=50&searchSource=GN_REFINEMENT&sort=relevance&stkTypId=28881&zc=02446,"See all 23 photos


















                                Used




                                    $14,994


                                    42,507 mi.






                            2015 Honda Accord Sport










                                            Good Deal







                                    LOCAL HOME DELIVERY




                                Ext. Color:

                                    Gray



                                Int. Color:

                                    Black



                                Transmission:

                                    CVT



                                Drivetrain:

                                    FWD











                                Save



                                                                Compare









                                    Free CARFAX Report






                                Colonial Honda of Dartmouth



                                             () -
                                            (508) 938-1050



















                                        4.9  (1700 reviews)



                                48 mi. from 02446


                                    Authorized Honda Dealer









                                    Check Availability



                                            Call",https://www.cars.com/vehicledetail/detail/797017950/overview/,2015 Honda Accord Sport,"$14,994 ","42,507 miles",Sold by Colonial Honda of Dartmouth,"North Dartmouth, MA 02747",-4.9,1700 Reviews,Gasoline,24,34,FWD,2.4L I4 16V GDI DOHC,Hematite Metallic,Black,190422B,Automatic CVT,1HGCR2F52FA037203,(774) 510-4699
1592756572-243,https://www.cars.com/for-sale/searchresults.action/?drCntId=28004&kwm=ANY&mdId=20606&mkId=20017&mlgId=28866&page=1&perPage=20&prMx=15000&rd=50&searchSource=GN_REFINEMENT&sort=relevance&stkTypId=28881&zc=02446,"Used




                                    $14,994


                                    47,402 mi.






                            2016 Honda Accord LX










                                            Fair Price









                                Ext. Color:

                                    Gray



                                Int. Color:

                                    Black



                                Transmission:

                                    CVT



                                Drivetrain:

                                    FWD











                                Save



                                                                Compare









                                    Free CARFAX Report






                                Boch Honda West



















                                        4.5  (1962 reviews)



                                22 mi. from 02446",https://www.cars.com/vehicledetail/detail/749702564/overview/,2016 Honda Accord LX,"$14,994 ","47,402 miles",Sold by Boch Honda West,"Westford, MA 01886",-4.5,1962 Reviews,Gasoline,23,34,FWD,4 Cylinder Engine 2.4L,Modern Steel Metallic,Black,P95971,CVT TRANSMISSION,1HGCR2F34GA072518,null
1592756578-244,https://www.cars.com/for-sale/searchresults.action/?drCntId=28004&kwm=ANY&mdId=20606&mkId=20017&mlgId=28866&page=1&perPage=20&prMx=15000&rd=50&searchSource=GN_REFINEMENT&sort=relevance&stkTypId=28881&zc=02446,"See all 19 photos


















                                Used




                                    $14,994


                                    53,798 mi.






                            2015 Honda Accord LX










                                            Good Deal







                                    LOCAL HOME DELIVERY




                                Ext. Color:

                                    Black



                                Int. Color:

                                    White



                                Transmission:

                                    CVT



                                Drivetrain:

                                    FWD











                                Save



                                                                Compare









                                    Free CARFAX Report






                                Colonial Honda of Dartmouth



                                             () -
                                            (508) 938-1050



















                                        4.9  (1700 reviews)



                                48 mi. from 02446


                                    Authorized Honda Dealer









                                    Check Availability



                                            Call",https://www.cars.com/vehicledetail/detail/811601258/overview/,2015 Honda Accord LX,"$14,994 ","53,798 miles",Sold by Colonial Honda of Dartmouth,"North Dartmouth, MA 02747",-4.9,1700 Reviews,Gasoline,24,34,FWD,2.4L I4 16V GDI DOHC,Crystal Black Pearl,Ivory,P3665,Automatic CVT,1HGCR2F35FA104021,(774) 510-4699
1592756671-271,https://www.cars.com/for-sale/searchresults.action/?drCntId=28004&kwm=ANY&mdId=20606&mkId=20017&mlgId=28866&page=1&perPage=20&prMx=15000&rd=50&searchSource=GN_REFINEMENT&sort=relevance&stkTypId=28881&zc=02446,"See all 27 photos


















                                Used




                                    $14,990


                                    68,557 mi.






                            2015 Honda Accord EX-L










                                            Good Deal









                                Ext. Color:

                                    Black



                                Int. Color:

                                    Black



                                Transmission:

                                    CVT



                                Drivetrain:

                                    FWD











                                Save



                                                                Compare









                                    Free CARFAX Report






                                Bourne's Auto Center



                                             () -
                                            (508) 219-4522



















                                        4.9  (3685 reviews)



                                19 mi. from 02446









                                    Check Availability



                                            Call",https://www.cars.com/vehicledetail/detail/813411290/overview/,2015 Honda Accord EX-L,"$14,990 ","68,557 miles",Sold by Bourne's Auto Center,"Easton, MA 02375",-4.9,3681 Reviews,Gasoline,27,36,FWD,2.4L I4 16V GDI DOHC,Black,Black,63395B,Automatic CVT,1HGCR2F85FA028814,(774) 250-3978
1592756545-235,https://www.cars.com/for-sale/searchresults.action/?drCntId=28004&kwm=ANY&mdId=20606&mkId=20017&mlgId=28866&page=1&perPage=20&prMx=15000&rd=50&searchSource=GN_REFINEMENT&sort=relevance&stkTypId=28881&zc=02446,"See all 18 photos


















                                Used




                                    $14,990


                                    67,264 mi.






                            2016 Honda Accord EX







                                    LOCAL HOME DELIVERY


                                    VIRTUAL APPOINTMENTS




                                Ext. Color:

                                    White



                                Int. Color:

                                    Beige



                                Transmission:

                                    CVT



                                Drivetrain:

                                    FWD











                                Save



                                                                Compare









                                    Free AutoCheck Report






                                The Garage



                                             () -
                                            (508) 232-4560



















                                        4.2  (38 reviews)



                                19 mi. from 02446









                                    Check Availability



                                            Call",https://www.cars.com/vehicledetail/detail/812014464/overview/,2016 Honda Accord EX,"$14,990 ","67,264 miles",Sold by The Garage,"Brockton, MA 02301",-4.2,38 Reviews,Gasoline,23,34,FWD,2.4L I4 16V GDI DOHC,White,Tan,15148NP,Automatic CVT,1HGCR2F78GA215148,(774) 480-1862
1592756530-230,https://www.cars.com/for-sale/searchresults.action/?drCntId=28004&kwm=ANY&mdId=20606&mkId=20017&mlgId=28866&page=1&perPage=20&prMx=15000&rd=50&searchSource=GN_REFINEMENT&sort=relevance&stkTypId=28881&zc=02446,"Used




                                    $14,988


                                    65,606 mi.






                            2016 Honda Accord LX










                                    HOT CAR




                                    LOCAL HOME DELIVERY


                                    VIRTUAL APPOINTMENTS




                                Ext. Color:

                                    Gray



                                Int. Color:

                                    Gray



                                Transmission:

                                    CVT



                                Drivetrain:

                                    FWD











                                Save



                                                                Compare









                                    Free CARFAX Report






                                Prestige Auto Mart



                                             () -
                                            (877) 410-0471



















                                        4.6  (555 reviews)



                                48 mi. from 02446









                                    Check Availability



                                            Call",https://www.cars.com/vehicledetail/detail/813751735/overview/,2016 Honda Accord LX,"$14,988 ","65,606 miles",Sold by Prestige Auto Mart,"Westport, MA 02790",-4.6,555 Reviews,Gasoline,23,34,FWD,2.4L I4 16V GDI DOHC,Modern Steel Metallic,Gray,17874,Automatic CVT,1HGCR2F32GA059685,(855) 349-0943
1592756615-255,https://www.cars.com/for-sale/searchresults.action/?drCntId=28004&kwm=ANY&mdId=20606&mkId=20017&mlgId=28866&page=1&perPage=20&prMx=15000&rd=50&searchSource=GN_REFINEMENT&sort=relevance&stkTypId=28881&zc=02446,"PRICE DROP





























                                            See all 42 photos



















                                    Honda Certified





                                    $14,987

                                $690 price drop!

                                    35,189 mi.






                            2017 Honda Accord LX










                                            Good Deal







                                    LOCAL HOME DELIVERY


                                    VIRTUAL APPOINTMENTS




                                Ext. Color:

                                    Black



                                Int. Color:

                                    Other



                                Transmission:

                                    CVT



                                Drivetrain:

                                    FWD











                                Save



                                                                Compare









                                    Free CARFAX 1-Owner Report






                                Honda North



                                             () -
                                            (978) 224-3395



















                                        4.8  (1854 reviews)



                                19 mi. from 02446


                                    Authorized Honda Dealer








                                    Certified Pre-Owned








                                    Check Availability



                                            Call",https://www.cars.com/vehicledetail/detail/806529668/overview/,Certified 2017 Honda Accord LX,"$14,987 ","35,189 miles",Sold by Honda North,"Danvers, MA 01923",-4.8,1854 Reviews,Gasoline,23,P11626,Automatic CVT,1HGCR2F30HA174030,Crystal Black,32,FWD,2.4L I4 16V GDI DOHC,"35,189",(978) 224-3395
1592756591-248,https://www.cars.com/for-sale/searchresults.action/?drCntId=28004&kwm=ANY&mdId=20606&mkId=20017&mlgId=28866&page=1&perPage=20&prMx=15000&rd=50&searchSource=GN_REFINEMENT&sort=relevance&stkTypId=28881&zc=02446,"See all 10 photos


















                                Used




                                    $14,950


                                    46,889 mi.






                            2014 Honda Accord EX










                                            Good Deal









                                Ext. Color:

                                    Silver



                                Int. Color:

                                    Other



                                Transmission:

                                    CVT



                                Drivetrain:

                                    FWD











                                Save



                                                                Compare









                                    Free CARFAX Report






                                Bertera Nissan



                                             () -
                                            (866) 970-8026



















                                        3.9  (41 reviews)



                                38 mi. from 02446









                                    Check Availability



                                            Call",https://www.cars.com/vehicledetail/detail/805757878/overview/,2014 Honda Accord EX,"$14,950 ","46,889 miles",Sold by Bertera Nissan,"Auburn, MA 01501",-3.9,41 Reviews,Gasoline,24,19848B,Automatic CVT,1HGCR2F74EA123628,Alabaster Silver Metallic,34,FWD,2.4L I4 16V GDI DOHC,"46,889",(855) 625-9319
1592756559-239,https://www.cars.com/for-sale/searchresults.action/?drCntId=28004&kwm=ANY&mdId=20606&mkId=20017&mlgId=28866&page=1&perPage=20&prMx=15000&rd=50&searchSource=GN_REFINEMENT&sort=relevance&stkTypId=28881&zc=02446,"See all 99 photos


















                                Used




                                    $14,900


                                    24,401 mi.






                            2017 Honda Accord LX




                                Ext. Color:

                                    Brown



                                Int. Color:

                                    Black



                                Transmission:

                                    CVT



                                Drivetrain:

                                    FWD











                                Save



                                                                Compare









                                    CARFAX Report






                                Cars of Boston



                                             () -
                                            (617) 229-6713





                                5 mi. from 02446









                                    Check Availability



                                            Call",https://www.cars.com/vehicledetail/detail/813820065/overview/,2017 Honda Accord LX,"$14,900 ","24,401 miles",Sold by Cars of Boston,"Newton, MA 02465",null,null,Gasoline,23,32,FWD,2.4L I4 16V GDI DOHC,Brown,Black,254305,Automatic CVT,1HGCR2F38HA254305,(857) 412-7143
1592756626-258,https://www.cars.com/for-sale/searchresults.action/?drCntId=28004&kwm=ANY&mdId=20606&mkId=20017&mlgId=28866&page=1&perPage=20&prMx=15000&rd=50&searchSource=GN_REFINEMENT&sort=relevance&stkTypId=28881&zc=02446,"Honda Certified





                                    $14,839


                                    33,429 mi.






                            2017 Honda Accord LX




                                Ext. Color:

                                    White



                                Int. Color:

                                    White



                                Transmission:

                                    CVT



                                Drivetrain:

                                    FWD











                                Save



                                                                Compare









                                    Free CARFAX 1-Owner Report






                                Ocean Honda of Weymouth



                                             () -
                                            (888) 485-1039



















                                        3.9  (15 reviews)



                                12 mi. from 02446








                                    Certified Pre-Owned









                                            Call",https://www.cars.com/vehicledetail/detail/809109300/overview/,Certified 2017 Honda Accord LX,"$14,839 ","33,429 miles",Sold by Ocean Honda of Weymouth,"Weymouth, MA 02188",null,null,Gasoline,23,32,Continuously Variable Transmission,"33,429",White Orchid Pearl,Ivory,58V04003,1HGCR2F3XHA149331,null,null
1592756611-254,https://www.cars.com/for-sale/searchresults.action/?drCntId=28004&kwm=ANY&mdId=20606&mkId=20017&mlgId=28866&page=1&perPage=20&prMx=15000&rd=50&searchSource=GN_REFINEMENT&sort=relevance&stkTypId=28881&zc=02446,"See all 21 photos



















                                    Honda Certified





                                    $14,838


                                    48,604 mi.






                            2017 Honda Accord LX










                                            Good Deal







                                    LOCAL HOME DELIVERY


                                    VIRTUAL APPOINTMENTS




                                Ext. Color:

                                    Gray



                                Int. Color:

                                    Other



                                Transmission:

                                    CVT



                                Drivetrain:

                                    FWD











                                Save



                                                                Compare









                                    Free CARFAX 1-Owner Report






                                Honda North



                                             () -
                                            (978) 224-3395



















                                        4.8  (1854 reviews)



                                19 mi. from 02446


                                    Authorized Honda Dealer








                                    Certified Pre-Owned








                                    Check Availability



                                            Call",https://www.cars.com/vehicledetail/detail/806820056/overview/,Certified 2017 Honda Accord LX,"$14,838 ","48,604 miles",Sold by Honda North,"Danvers, MA 01923",-4.8,1854 Reviews,Gasoline,23,P11528A,Automatic CVT,1HGCR2F35HA220497,Gray,32,FWD,2.4L I4 16V GDI DOHC,"48,604",(978) 224-3395
1592756562-240,https://www.cars.com/for-sale/searchresults.action/?drCntId=28004&kwm=ANY&mdId=20606&mkId=20017&mlgId=28866&page=1&perPage=20&prMx=15000&rd=50&searchSource=GN_REFINEMENT&sort=relevance&stkTypId=28881&zc=02446,"See all 99 photos


















                                Used




                                    $14,800


                                    27,498 mi.






                            2017 Honda Accord LX




                                Ext. Color:

                                    Black



                                Int. Color:

                                    White



                                Transmission:

                                    CVT



                                Drivetrain:

                                    FWD











                                Save



                                                                Compare









                                    CARFAX Report






                                Cars of Boston



                                             () -
                                            (617) 229-6713





                                5 mi. from 02446









                                    Check Availability



                                            Call",https://www.cars.com/vehicledetail/detail/813820285/overview/,2017 Honda Accord LX,"$14,800 ","27,498 miles",Sold by Cars of Boston,"Newton, MA 02465",null,null,Gasoline,23,32,FWD,2.4L I4 16V GDI DOHC,Black,Ivory,190850,Automatic CVT,1HGCR2F38HA190850,(857) 412-7143
1592756668-270,https://www.cars.com/for-sale/searchresults.action/?drCntId=28004&kwm=ANY&mdId=20606&mkId=20017&mlgId=28866&page=1&perPage=20&prMx=15000&rd=50&searchSource=GN_REFINEMENT&sort=relevance&stkTypId=28881&zc=02446,"See all 20 photos


















                                Used




                                    $14,791


                                    39,620 mi.






                            2014 Honda Accord EX










                                            Good Deal









                                Ext. Color:

                                    Gray



                                Int. Color:

                                    Gray



                                Transmission:

                                    CVT



                                Drivetrain:

                                    FWD











                                Save



                                                                Compare









                                    Free CARFAX 1-Owner Report






                                Atamian Honda



                                             () -
                                            (978) 935-4307



















                                        4.7  (154 reviews)



                                21 mi. from 02446


                                    Authorized Honda Dealer









                                    Check Availability



                                            Call",https://www.cars.com/vehicledetail/detail/811161142/overview/,2014 Honda Accord EX,"$14,791 ","39,620 miles",Sold by Atamian Honda,"Tewksbury, MA 01876",-4.7,154 Reviews,Gasoline,24,34,FWD,2.4L I4 16V GDI DOHC,Gray,Gray,0H451-1,Automatic CVT,1HGCR2F78EA144787,(978) 954-6865
1592756629-259,https://www.cars.com/for-sale/searchresults.action/?drCntId=28004&kwm=ANY&mdId=20606&mkId=20017&mlgId=28866&page=1&perPage=20&prMx=15000&rd=50&searchSource=GN_REFINEMENT&sort=relevance&stkTypId=28881&zc=02446,"See all 3 photos
















                                    Honda Certified





                                    $14,776


                                    42,417 mi.






                            2017 Honda Accord LX




                                Ext. Color:

                                    White



                                Int. Color:

                                    White



                                Transmission:

                                    CVT



                                Drivetrain:

                                    FWD











                                Save



                                                                Compare









                                    Free CARFAX 1-Owner Report






                                Boch Honda



                                             () -
                                            (866) 490-3323



















                                        4.5  (2324 reviews)



                                10 mi. from 02446








                                    Certified Pre-Owned









                                            Call",https://www.cars.com/vehicledetail/detail/813201746/overview/,Certified 2017 Honda Accord LX,"$14,776 ","42,417 miles",Sold by Boch Honda,"Norwood, MA 02062",-4.5,2322 Reviews,Gasoline,23,32,Continuously Variable Transmission,"42,417",White Orchid Pearl,Ivory,P56955,1HGCR2F31HA034312,null,null
1592756646-264,https://www.cars.com/for-sale/searchresults.action/?drCntId=28004&kwm=ANY&mdId=20606&mkId=20017&mlgId=28866&page=1&perPage=20&prMx=15000&rd=50&searchSource=GN_REFINEMENT&sort=relevance&stkTypId=28881&zc=02446,"Used




                                    $14,750


                                    38,609 mi.






                            2016 Honda Accord LX










                                            Good Deal









                                Ext. Color:

                                    Black



                                Int. Color:

                                    Black



                                Transmission:

                                    CVT



                                Drivetrain:

                                    FWD











                                Save



                                                                Compare









                                    Free CARFAX 1-Owner Report






                                Grieco Honda



                                             () -
                                            (888) 473-0902



















                                        4.4  (160 reviews)



                                40 mi. from 02446


                                    Authorized Honda Dealer









                                    Check Availability



                                            Call",https://www.cars.com/vehicledetail/detail/813137374/overview/,2016 Honda Accord LX,"$14,750 ","38,609 miles",Sold by Grieco Honda,"Johnston, RI 02919",-4.4,160 Reviews,Gasoline,23,34,FWD,2.4L I4 16V GDI DOHC,Black,Black,PH4910,Automatic CVT,1HGCR2F35GA071331,(866) 635-3296
1592756700-279,https://www.cars.com/for-sale/searchresults.action/?drCntId=28004&kwm=ANY&mdId=20606&mkId=20017&mlgId=28866&page=1&perPage=20&prMx=15000&rd=50&searchSource=GN_REFINEMENT&sort=relevance&stkTypId=28881&zc=02446,"See all 24 photos


















                                Used




                                    $14,634


                                    37,804 mi.






                            2017 Honda Accord LX










                                            Good Deal









                                Ext. Color:

                                    Black



                                Int. Color:

                                    Black



                                Transmission:

                                    CVT



                                Drivetrain:

                                    FWD











                                Save



                                                                Compare









                                    Free CARFAX 1-Owner Report






                                Honda Cars of Boston



                                             () -
                                            (617) 500-8022



















                                        4.9  (898 reviews)



                                4 mi. from 02446


                                    Authorized Honda Dealer









                                    Check Availability



                                            Call",https://www.cars.com/vehicledetail/detail/812463448/overview/,2017 Honda Accord LX,"$14,634 ","37,804 miles",Sold by Honda Cars of Boston,"Everett, MA 02149",-4.9,898 Reviews,Gasoline,23,32,FWD,2.4L I4 16V GDI DOHC,Crystal Black Pearl,Black,361D,Automatic CVT,1HGCR2F43HA216456,(857) 425-2764
1592756582-245,https://www.cars.com/for-sale/searchresults.action/?drCntId=28004&kwm=ANY&mdId=20606&mkId=20017&mlgId=28866&page=1&perPage=20&prMx=15000&rd=50&searchSource=GN_REFINEMENT&sort=relevance&stkTypId=28881&zc=02446,"See all 26 photos


















                                Used




                                    $14,601


                                    63,975 mi.






                            2017 Honda Accord LX










                                            Good Deal







                                    LOCAL HOME DELIVERY


                                    VIRTUAL APPOINTMENTS




                                Ext. Color:

                                    Black



                                Int. Color:

                                    White



                                Transmission:

                                    CVT



                                Drivetrain:

                                    FWD











                                Save



                                                                Compare









                                    Free CARFAX Report






                                Prestige Auto Mart



                                             () -
                                            (877) 410-0471



















                                        4.6  (555 reviews)



                                48 mi. from 02446









                                    Check Availability



                                            Call",https://www.cars.com/vehicledetail/detail/811888589/overview/,2017 Honda Accord LX,"$14,601 ","63,975 miles",Sold by Prestige Auto Mart,"Westport, MA 02790",-4.6,555 Reviews,Gasoline,23,32,FWD,2.4L I4 16V GDI DOHC,Crystal Black Pearl,Ivory,W820,Automatic CVT,1HGCR2F37HA084163,(855) 349-0943
1592756658-267,https://www.cars.com/for-sale/searchresults.action/?drCntId=28004&kwm=ANY&mdId=20606&mkId=20017&mlgId=28866&page=1&perPage=20&prMx=15000&rd=50&searchSource=GN_REFINEMENT&sort=relevance&stkTypId=28881&zc=02446,"See all 29 photos


















                                Used




                                    $14,599


                                    68,621 mi.






                            2015 Honda Accord Sport










                                            Fair Price










                                    HOT CAR






                                Ext. Color:

                                    White



                                Int. Color:

                                    Black



                                Transmission:

                                    CVT



                                Drivetrain:

                                    FWD











                                Save



                                                                Compare









                                    Free CARFAX 1-Owner Report






                                Sonia's Auto Sales



                                             () -
                                            (508) 372-4247



















                                        3.7  (15 reviews)



                                32 mi. from 02446









                                    Check Availability



                                            Call",https://www.cars.com/vehicledetail/detail/813488701/overview/,2015 Honda Accord Sport,"$14,599 ","68,621 miles",Sold by Sonia's Auto Sales,"Worcester, MA 01604",-3.7,15 Reviews,Gasoline,24,34,FWD,2.4L I4 16V GDI DOHC,White Orchid Pearl,Black,FA068472,Automatic CVT,1HGCR2F58FA068472,(774) 813-3161
1592756674-272,https://www.cars.com/for-sale/searchresults.action/?drCntId=28004&kwm=ANY&mdId=20606&mkId=20017&mlgId=28866&page=1&perPage=20&prMx=15000&rd=50&searchSource=GN_REFINEMENT&sort=relevance&stkTypId=28881&zc=02446,"See all 34 photos


















                                Used




                                    $14,500


                                    37,026 mi.






                            2017 Honda Accord LX










                                            Good Deal









                                Ext. Color:

                                    Black



                                Int. Color:

                                    Black



                                Transmission:

                                    CVT



                                Drivetrain:

                                    FWD











                                Save



                                                                Compare









                                    Free CARFAX 1-Owner Report






                                AutoMax Preowned Framingham



                                             () -
                                            (508) 251-5016



















                                        4.7  (1037 reviews)



                                16 mi. from 02446









                                    Check Availability



                                            Call",https://www.cars.com/vehicledetail/detail/807215585/overview/,2017 Honda Accord LX,"$14,500 ","37,026 miles",Sold by AutoMax Preowned Framingham,"Framingham, MA 01701",-4.8,1037 Reviews,Gasoline,23,32,FWD,2.4L I4 16V GDI DOHC,Crystal Black Pearl,Black,196526,Automatic CVT,1HGCR2F37HA196526,(774) 556-7034
1592756636-261,https://www.cars.com/for-sale/searchresults.action/?drCntId=28004&kwm=ANY&mdId=20606&mkId=20017&mlgId=28866&page=1&perPage=20&prMx=15000&rd=50&searchSource=GN_REFINEMENT&sort=relevance&stkTypId=28881&zc=02446,"See all 26 photos


















                                Used




                                    $14,500


                                    54,776 mi.






                            2017 Honda Accord LX










                                            Good Deal









                                Ext. Color:

                                    White



                                Int. Color:

                                    White



                                Transmission:

                                    CVT



                                Drivetrain:

                                    FWD











                                Save



                                                                Compare









                                    Free CARFAX Report






                                Cambridge Honda



                                             () -
                                            (617) 674-0755



















                                        4.3  (43 reviews)



                                3 mi. from 02446


                                    Authorized Honda Dealer









                                    Check Availability



                                            Call",https://www.cars.com/vehicledetail/detail/812523959/overview/,2017 Honda Accord LX,"$14,500 ","54,776 miles",Sold by Cambridge Honda,"Cambridge, MA 02138",-4.3,43 Reviews,Gasoline,23,32,FWD,2.4L I4 16V GDI DOHC,White,Ivory,2002751,Automatic CVT,1HGCR2F39HA032324,(857) 412-7137
1592756697-278,https://www.cars.com/for-sale/searchresults.action/?drCntId=28004&kwm=ANY&mdId=20606&mkId=20017&mlgId=28866&page=1&perPage=20&prMx=15000&rd=50&searchSource=GN_REFINEMENT&sort=relevance&stkTypId=28881&zc=02446,"See all 83 photos


















                                Used




                                    $14,500


                                    35,631 mi.






                            2017 Honda Accord LX










                                            Good Deal









                                Ext. Color:

                                    Gray



                                Int. Color:

                                    Black



                                Transmission:

                                    CVT



                                Drivetrain:

                                    FWD











                                Save



                                                                Compare









                                    CARFAX Report






                                Cars of Boston



                                             () -
                                            (617) 229-6713





                                5 mi. from 02446









                                    Check Availability



                                            Call",https://www.cars.com/vehicledetail/detail/807543928/overview/,2017 Honda Accord LX,"$14,500 ","35,631 miles",Sold by Cars of Boston,"Newton, MA 02465",null,null,Gasoline,23,32,FWD,2.4L I4 16V GDI DOHC,Gray,Black,149604,Automatic CVT,1HGCR2F38HA149604,(857) 412-7143
1592756548-236,https://www.cars.com/for-sale/searchresults.action/?drCntId=28004&kwm=ANY&mdId=20606&mkId=20017&mlgId=28866&page=1&perPage=20&prMx=15000&rd=50&searchSource=GN_REFINEMENT&sort=relevance&stkTypId=28881&zc=02446,"Used




                                    $14,487


                                    54,408 mi.






                            2016 Honda Accord LX










                                            Great Deal







                                    LOCAL HOME DELIVERY


                                    VIRTUAL APPOINTMENTS




                                Ext. Color:

                                    Black



                                Int. Color:

                                    Other



                                Transmission:

                                    CVT



                                Drivetrain:

                                    FWD











                                Save



                                                                Compare









                                    Free CARFAX 1-Owner Report






                                Honda North



                                             () -
                                            (978) 716-2757



















                                        4.8  (1854 reviews)



                                19 mi. from 02446


                                    Authorized Honda Dealer









                                    Check Availability



                                            Call",https://www.cars.com/vehicledetail/detail/813343377/overview/,2016 Honda Accord LX,"$14,487 ","54,408 miles",Sold by Honda North,"Danvers, MA 01923",-4.8,1854 Reviews,Gasoline,23,P11671A,Automatic CVT,1HGCR2F31GA107340,Black,34,FWD,2.4L I4 16V GDI DOHC,"54,408",(978) 716-2757
1592756594-249,https://www.cars.com/for-sale/searchresults.action/?drCntId=28004&kwm=ANY&mdId=20606&mkId=20017&mlgId=28866&page=1&perPage=20&prMx=15000&rd=50&searchSource=GN_REFINEMENT&sort=relevance&stkTypId=28881&zc=02446,"See all 34 photos


















                                Used




                                    $14,408


                                    57,205 mi.






                            2014 Honda Accord Sport










                                            Good Deal







                                    LOCAL HOME DELIVERY


                                    VIRTUAL APPOINTMENTS




                                Ext. Color:

                                    Black



                                Int. Color:

                                    Other



                                Transmission:

                                    CVT



                                Drivetrain:

                                    FWD











                                Save



                                                                Compare









                                    Free CARFAX 1-Owner Report






                                The Honda Store



                                             () -
                                            (978) 627-0129



















                                        4.9  (118 reviews)



                                31 mi. from 02446


                                    Authorized Honda Dealer









                                    Check Availability



                                            Call",https://www.cars.com/vehicledetail/detail/813055689/overview/,2014 Honda Accord Sport,"$14,408 ","57,205 miles",Sold by The Honda Store,"Lancaster, MA 01523",-4.9,118 Reviews,Gasoline,24,P100406,Variable,1HGCR2F55EA100406,Black,34,FWD,4 Cyl - 2.4 L,"57,205",(978) 627-0129
1592756623-257,https://www.cars.com/for-sale/searchresults.action/?drCntId=28004&kwm=ANY&mdId=20606&mkId=20017&mlgId=28866&page=1&perPage=20&prMx=15000&rd=50&searchSource=GN_REFINEMENT&sort=relevance&stkTypId=28881&zc=02446,"See all 25 photos


















                                Used




                                    $14,344


                                    44,993 mi.






                            2017 Honda Accord LX










                                            Good Deal







                                    LOCAL HOME DELIVERY


                                    VIRTUAL APPOINTMENTS




                                Ext. Color:

                                    Red



                                Int. Color:

                                    Other



                                Transmission:

                                    CVT



                                Drivetrain:

                                    FWD











                                Save



                                                                Compare









                                    Free CARFAX 1-Owner Report






                                Coastal Nissan



                                             () -
                                            (844) 327-4719



















                                        4.6  (100 reviews)



                                17 mi. from 02446









                                    Check Availability



                                            Call",https://www.cars.com/vehicledetail/detail/798025301/overview/,2017 Honda Accord LX,"$14,344 ","44,993 miles",Sold by Coastal Nissan,"Norwell, MA 02061",-4.6,100 Reviews,Gasoline,23,N9520A,Variable,1HGCR2F33HA103789,Red,32,FWD,Regular Unleaded I-4 2.4 L/144,"44,993",(866) 247-9356
1592756602-251,https://www.cars.com/for-sale/searchresults.action/?drCntId=28004&kwm=ANY&mdId=20606&mkId=20017&mlgId=28866&page=1&perPage=20&prMx=15000&rd=50&searchSource=GN_REFINEMENT&sort=relevance&stkTypId=28881&zc=02446,"See all 48 photos


















                                Used




                                    $14,190


                                    45,441 mi.






                            2017 Honda Accord LX










                                            Good Deal









                                Ext. Color:

                                    Blue



                                Int. Color:

                                    Gray



                                Transmission:

                                    CVT



                                Drivetrain:

                                    FWD











                                Save



                                                                Compare









                                    Free CARFAX 1-Owner Report






                                The Highline Group



                                             () -
                                            (978) 427-6601



















                                        4.7  (251 reviews)



                                23 mi. from 02446









                                    Check Availability



                                            Call",https://www.cars.com/vehicledetail/detail/789890678/overview/,2017 Honda Accord LX,"$14,190 ","45,441 miles",Sold by The Highline Group,"Lowell, MA 01851",-4.6,251 Reviews,Gasoline,23,32,FWD,2.4L I4 16V GDI DOHC,Blue,Gray,19-845,Automatic CVT,1HGCR2F37HA135354,(978) 955-2078
1592756655-266,https://www.cars.com/for-sale/searchresults.action/?drCntId=28004&kwm=ANY&mdId=20606&mkId=20017&mlgId=28866&page=1&perPage=20&prMx=15000&rd=50&searchSource=GN_REFINEMENT&sort=relevance&stkTypId=28881&zc=02446,"See all 29 photos


















                                Used




                                    $13,998


                                    61,000 mi.






                            2014 Honda Accord EX










                                            Fair Price









                                Ext. Color:

                                    Black



                                Int. Color:

                                    Black



                                Transmission:

                                    CVT



                                Drivetrain:

                                    FWD











                                Save



                                                                Compare









                                    Free CARFAX 1-Owner Report






                                Sonia's Auto Sales



                                             () -
                                            (508) 372-4247



















                                        3.7  (15 reviews)



                                32 mi. from 02446









                                    Check Availability



                                            Call",https://www.cars.com/vehicledetail/detail/795558610/overview/,2014 Honda Accord EX,"$13,998 ","61,000 miles",Sold by Sonia's Auto Sales,"Worcester, MA 01604",-3.7,15 Reviews,Gasoline,24,34,FWD,2.4L I4 16V GDI DOHC,Crystal Black Pearl,Black,EA298914,Automatic CVT,1HGCR2F72EA298914,(774) 813-3161
1592756588-247,https://www.cars.com/for-sale/searchresults.action/?drCntId=28004&kwm=ANY&mdId=20606&mkId=20017&mlgId=28866&page=1&perPage=20&prMx=15000&rd=50&searchSource=GN_REFINEMENT&sort=relevance&stkTypId=28881&zc=02446,"See all 34 photos


















                                Used




                                    $13,991


                                    60,982 mi.






                            2014 Honda Accord EX-L










                                    HOT CAR




                                    LOCAL HOME DELIVERY


                                    VIRTUAL APPOINTMENTS




                                Ext. Color:

                                    Other



                                Int. Color:

                                    Other



                                Transmission:

                                    CVT



                                Drivetrain:

                                    FWD











                                Save



                                                                Compare









                                    Free CARFAX Report






                                Ira Toyota of Manchester



                                             () -
                                            (603) 769-3101



















                                        4.7  (340 reviews)



                                44 mi. from 02446









                                    Check Availability



                                            Call",https://www.cars.com/vehicledetail/detail/813588094/overview/,2014 Honda Accord EX-L,"$13,991 ","60,982 miles",Sold by Ira Toyota of Manchester,"Manchester, NH 03103",-4.7,340 Reviews,Gasoline,36,FWD,2.4L I4 16V GDI DOHC,"60,982",27,EA272378,Automatic CVT,1HGCR2F85EA272378,null,(603) 769-3101
1592756687-275,https://www.cars.com/for-sale/searchresults.action/?drCntId=28004&kwm=ANY&mdId=20606&mkId=20017&mlgId=28866&page=1&perPage=20&prMx=15000&rd=50&searchSource=GN_REFINEMENT&sort=relevance&stkTypId=28881&zc=02446,"See all 30 photos


















                                Used




                                    $13,990


                                    67,405 mi.






                            2016 Honda Accord LX










                                            Good Deal









                                Ext. Color:

                                    White



                                Int. Color:

                                    Beige



                                Transmission:

                                    CVT



                                Drivetrain:

                                    FWD











                                Save



                                                                Compare









                                    Free CARFAX 1-Owner Report






                                Wakefield Auto Gallery



                                             () -
                                            (781) 716-5932



















                                        4.2  (81 reviews)



                                11 mi. from 02446









                                    Check Availability



                                            Call",https://www.cars.com/vehicledetail/detail/812188629/overview/,2016 Honda Accord LX,"$13,990 ","67,405 miles",Sold by Wakefield Auto Gallery,"Wakefield, MA 01880",-4.2,80 Reviews,Gasoline,23,34,FWD,2.4L I4 16V GDI DOHC,White,Tan,W4318,Automatic CVT,1HGCR2F39GA003646,(781) 876-0147
1592756551-237,https://www.cars.com/for-sale/searchresults.action/?drCntId=28004&kwm=ANY&mdId=20606&mkId=20017&mlgId=28866&page=1&perPage=20&prMx=15000&rd=50&searchSource=GN_REFINEMENT&sort=relevance&stkTypId=28881&zc=02446,"Used




                                    $13,962


                                    53,642 mi.






                            2015 Honda Accord Sport










                                    HOT CAR






                                Ext. Color:

                                    Brown



                                Int. Color:

                                    Other



                                Transmission:

                                    CVT



                                Drivetrain:

                                    FWD











                                Save



                                                                Compare









                                    Free CARFAX Report






                                Midway Automotive



                                             () -
                                            (781) 618-3300



















                                        4.9  (1155 reviews)



                                18 mi. from 02446









                                    Check Availability



                                            Call",https://www.cars.com/vehicledetail/detail/813709157/overview/,2015 Honda Accord Sport,"$13,962 ","53,642 miles",Sold by Midway Automotive,"Abington, MA 02351",-4.9,1155 Reviews,Gasoline,24,23788,Automatic CVT,1HGCR2F53FA218777,Tan,34,FWD,2.4L I4 16V GDI DOHC,"53,642",(781) 524-6037
1592756585-246,https://www.cars.com/for-sale/searchresults.action/?drCntId=28004&kwm=ANY&mdId=20606&mkId=20017&mlgId=28866&page=1&perPage=20&prMx=15000&rd=50&searchSource=GN_REFINEMENT&sort=relevance&stkTypId=28881&zc=02446,"See all 30 photos


















                                Used




                                    $13,401


                                    62,257 mi.






                            2013 Honda Accord EX-L










                                            Good Deal







                                    LOCAL HOME DELIVERY


                                    VIRTUAL APPOINTMENTS




                                Ext. Color:

                                    Red



                                Int. Color:

                                    White



                                Transmission:

                                    CVT



                                Drivetrain:

                                    FWD











                                Save



                                                                Compare









                                    Free CARFAX Report






                                Team Nissan



                                             () -
                                            (888) 369-9184



















                                        4.8  (752 reviews)



                                45 mi. from 02446









                                    Check Availability



                                            Call",https://www.cars.com/vehicledetail/detail/812200415/overview/,2013 Honda Accord EX-L,"$13,401 ","62,257 miles",Sold by Team Nissan,"Manchester, NH 03103",-4.8,752 Reviews,Gasoline,27,36,FWD,2.4L I4 16V GDI DOHC,Basque Red Pearl Ii,Ivory,PA8672A,Automatic CVT,1HGCR2F84DA019499,(888) 896-1364
1592756536-232,https://www.cars.com/for-sale/searchresults.action/?drCntId=28004&kwm=ANY&mdId=20606&mkId=20017&mlgId=28866&page=1&perPage=20&prMx=15000&rd=50&searchSource=GN_REFINEMENT&sort=relevance&stkTypId=28881&zc=02446,"Used




                                    $13,317


                                    69,909 mi.






                            2014 Honda Accord EX










                                    HOT CAR




                                    LOCAL HOME DELIVERY


                                    VIRTUAL APPOINTMENTS




                                Ext. Color:

                                    White



                                Int. Color:

                                    White



                                Transmission:

                                    CVT



                                Drivetrain:

                                    FWD











                                Save



                                                                Compare









                                    Free CARFAX Report






                                Peters Honda of Nashua



                                             () -
                                            (888) 773-7307



















                                        4.9  (1800 reviews)



                                35 mi. from 02446


                                    Authorized Honda Dealer









                                    Check Availability



                                            Call",https://www.cars.com/vehicledetail/detail/813816226/overview/,2014 Honda Accord EX,"$13,317 ","69,909 miles",Sold by Peters Honda of Nashua,"Nashua, NH 03063",-4.9,1799 Reviews,Gasoline,24,34,FWD,2.4L I4 16V GDI DOHC,White,Ivory,20H106B,Automatic CVT,1HGCR2F75EA273022,(888) 690-4314
1592756605-252,https://www.cars.com/for-sale/searchresults.action/?drCntId=28004&kwm=ANY&mdId=20606&mkId=20017&mlgId=28866&page=1&perPage=20&prMx=15000&rd=50&searchSource=GN_REFINEMENT&sort=relevance&stkTypId=28881&zc=02446,"See all 23 photos


















                                Used




                                    $13,100


                                    66,125 mi.






                            2016 Honda Accord LX










                                            Great Deal









                                Ext. Color:

                                    Gray



                                Int. Color:

                                    Gray



                                Transmission:

                                    CVT



                                Drivetrain:

                                    FWD











                                Save



                                                                Compare









                                    Free CARFAX Report






                                Chelmsford Street Auto Sales



                                             () -
                                            (978) 319-4457



















                                        4.8  (76 reviews)



                                22 mi. from 02446









                                    Check Availability



                                            Call",https://www.cars.com/vehicledetail/detail/812196040/overview/,2016 Honda Accord LX,"$13,100 ","66,125 miles",Sold by Chelmsford Street Auto Sales,"Lowell, MA 01851",-4.8,76 Reviews,Gasoline,23,34,FWD,2.4L I4 16V GDI DOHC,Gray,Gray,200504,Automatic CVT,1HGCR2F34GA108014,(978) 954-6904
1592756678-273,https://www.cars.com/for-sale/searchresults.action/?drCntId=28004&kwm=ANY&mdId=20606&mkId=20017&mlgId=28866&page=1&perPage=20&prMx=15000&rd=50&searchSource=GN_REFINEMENT&sort=relevance&stkTypId=28881&zc=02446,"See all 24 photos


















                                Used




                                    $12,995


                                    68,666 mi.






                            2013 Honda Accord EX-L










                                            Good Deal









                                Ext. Color:

                                    Gray



                                Int. Color:

                                    Black



                                Transmission:

                                    CVT



                                Drivetrain:

                                    FWD











                                Save



                                                                Compare









                                    Free CARFAX Report






                                Herb Connolly Chevrolet



                                             () -
                                            (508) 283-3718



















                                        4.6  (298 reviews)



                                15 mi. from 02446









                                    Check Availability



                                            Call",https://www.cars.com/vehicledetail/detail/813458527/overview/,2013 Honda Accord EX-L,"$12,995 ","68,666 miles",Sold by Herb Connolly Chevrolet,"Framingham, MA 01702",-4.6,298 Reviews,Gasoline,27,36,FWD,2.4L I4 16V GDI DOHC,Modern Steel Metallic,Black,C4974P,Automatic CVT,1HGCR2F86DA076920,(774) 505-8085
1592756690-276,https://www.cars.com/for-sale/searchresults.action/?drCntId=28004&kwm=ANY&mdId=20606&mkId=20017&mlgId=28866&page=1&perPage=20&prMx=15000&rd=50&searchSource=GN_REFINEMENT&sort=relevance&stkTypId=28881&zc=02446,"See all 29 photos


















                                Used




                                    $12,990


                                    64,994 mi.






                            2014 Honda Accord Sport










                                            Good Deal









                                Ext. Color:

                                    Gray



                                Int. Color:

                                    Gray



                                Transmission:

                                    CVT



                                Drivetrain:

                                    FWD











                                Save



                                                                Compare









                                    Free CARFAX Report






                                Wakefield Auto Gallery



                                             () -
                                            (781) 716-5932



















                                        4.2  (81 reviews)



                                11 mi. from 02446









                                    Check Availability



                                            Call",https://www.cars.com/vehicledetail/detail/810748915/overview/,2014 Honda Accord Sport,"$12,990 ","64,994 miles",Sold by Wakefield Auto Gallery,"Wakefield, MA 01880",-4.2,80 Reviews,Gasoline,24,34,FWD,2.4L I4 16V GDI DOHC,Gray,Gray,W4307,Automatic CVT,1HGCR2F59EA046723,(781) 876-0147
1592756664-269,https://www.cars.com/for-sale/searchresults.action/?drCntId=28004&kwm=ANY&mdId=20606&mkId=20017&mlgId=28866&page=1&perPage=20&prMx=15000&rd=50&searchSource=GN_REFINEMENT&sort=relevance&stkTypId=28881&zc=02446,"See all 4 photos
















                                Used




                                    $12,990


                                    56,046 mi.






                            2015 Honda Accord LX










                                            Good Deal









                                Ext. Color:

                                    Black



                                Int. Color:

                                    Black



                                Transmission:

                                    CVT



                                Drivetrain:

                                    FWD











                                Save



                                                                Compare









                                    Free CARFAX Report






                                The Highline Group



                                             () -
                                            (978) 427-6601



















                                        4.7  (251 reviews)



                                23 mi. from 02446









                                    Check Availability



                                            Call",https://www.cars.com/vehicledetail/detail/811062301/overview/,2015 Honda Accord LX,"$12,990 ","56,046 miles",Sold by The Highline Group,"Lowell, MA 01851",-4.6,251 Reviews,Gasoline,24,34,FWD,2.4L I4 16V GDI DOHC,Black,Black,20-290,Automatic CVT,1HGCR2F3XFA038355,(978) 955-2078
1592756566-241,https://www.cars.com/for-sale/searchresults.action/?drCntId=28004&kwm=ANY&mdId=20606&mkId=20017&mlgId=28866&page=1&perPage=20&prMx=15000&rd=50&searchSource=GN_REFINEMENT&sort=relevance&stkTypId=28881&zc=02446,"See all 31 photos


















                                Used




                                    $12,280


                                    56,946 mi.






                            2012 Honda Accord LX-P










                                    HOT CAR






                                Ext. Color:

                                    Gray



                                Int. Color:

                                    Gray



                                Transmission:

                                    Automatic



                                Drivetrain:

                                    FWD











                                Save



                                                                Compare









                                    Free CARFAX Report






                                Greater Lowell Buick GMC



                                             () -
                                            (978) 735-4290



















                                        4.8  (17 reviews)



                                21 mi. from 02446









                                    Check Availability



                                            Call",https://www.cars.com/vehicledetail/detail/813691214/overview/,2012 Honda Accord LX-P,"$12,280 ","56,946 miles",Sold by Greater Lowell Buick GMC,"Lowell, MA 01852",-4.8,17 Reviews,Gasoline,23,34,FWD,2.4L I4 16V MPFI DOHC,Polished Metal,Gray,95296B,5-Speed Automatic,1HGCP2F40CA141861,(978) 954-6952
1592756608-253,https://www.cars.com/for-sale/searchresults.action/?drCntId=28004&kwm=ANY&mdId=20606&mkId=20017&mlgId=28866&page=1&perPage=20&prMx=15000&rd=50&searchSource=GN_REFINEMENT&sort=relevance&stkTypId=28881&zc=02446,"See all 25 photos


















                                Used




                                    $11,995


                                    59,780 mi.






                            2012 Honda Accord SE










                                            Good Deal









                                Ext. Color:

                                    Gray



                                Int. Color:

                                    Black



                                Transmission:

                                    Automatic



                                Drivetrain:

                                    FWD











                                Save



                                                                Compare









                                    CARFAX Report






                                Westford Auto Sales



                                             () -
                                            (978) 303-8348



















                                        3  (2 reviews)



                                22 mi. from 02446









                                    Check Availability



                                            Call",https://www.cars.com/vehicledetail/detail/810236524/overview/,2012 Honda Accord SE,"$11,995 ","59,780 miles",Sold by Westford Auto Sales,"Westford, MA 01886",-3,2 Reviews,Gasoline,23,34,FWD,2.4L I4 16V MPFI DOHC,Gray,Black,10831,5-Speed Automatic,1HGCP2F69CA201377,(978) 850-5215
1592756642-263,https://www.cars.com/for-sale/searchresults.action/?drCntId=28004&kwm=ANY&mdId=20606&mkId=20017&mlgId=28866&page=1&perPage=20&prMx=15000&rd=50&searchSource=GN_REFINEMENT&sort=relevance&stkTypId=28881&zc=02446,"See all 19 photos


















                                Used




                                    $11,994


                                    53,952 mi.






                            2011 Honda Accord EX-L










                                            Good Deal







                                    LOCAL HOME DELIVERY




                                Ext. Color:

                                    Red



                                Int. Color:

                                    White



                                Transmission:

                                    Automatic



                                Drivetrain:

                                    FWD











                                Save



                                                                Compare









                                    Free CARFAX Report






                                Colonial Honda of Dartmouth



                                             () -
                                            (508) 938-1050



















                                        4.9  (1700 reviews)



                                48 mi. from 02446


                                    Authorized Honda Dealer









                                    Check Availability



                                            Call",https://www.cars.com/vehicledetail/detail/810858945/overview/,2011 Honda Accord EX-L,"$11,994 ","53,952 miles",Sold by Colonial Honda of Dartmouth,"North Dartmouth, MA 02747",-4.9,1700 Reviews,Gasoline,23,34,FWD,3.5L V6 24V MPFI SOHC,Basque Red Pearl,Ivory,200023B,5-Speed Automatic,1HGCP3F84BA032181,(774) 510-4699
1592756539-233,https://www.cars.com/for-sale/searchresults.action/?drCntId=28004&kwm=ANY&mdId=20606&mkId=20017&mlgId=28866&page=1&perPage=20&prMx=15000&rd=50&searchSource=GN_REFINEMENT&sort=relevance&stkTypId=28881&zc=02446,"Used




                                    $11,990


                                    62,297 mi.






                            2014 Honda Accord LX










                                            Good Deal










                                    HOT CAR




                                    LOCAL HOME DELIVERY


                                    VIRTUAL APPOINTMENTS




                                Ext. Color:

                                    Gray



                                Int. Color:

                                    Other



                                Transmission:

                                    CVT



                                Drivetrain:

                                    FWD











                                Save



                                                                Compare









                                    Free CARFAX 1-Owner Report






                                Ron Bouchard's Nissan



                                             () -
                                            (978) 627-4907



















                                        4.9  (54 reviews)



                                32 mi. from 02446









                                    Check Availability



                                            Call",https://www.cars.com/vehicledetail/detail/813501907/overview/,2014 Honda Accord LX,"$11,990 ","62,297 miles",Sold by Ron Bouchard's Nissan,"Lancaster, MA 01523",-4.9,54 Reviews,Gasoline,24,N141958A,Automatic CVT,1HGCR2F37EA101300,Gray,34,FWD,2.4L I4 16V GDI DOHC,"62,297",(978) 627-4907
1592756618-256,https://www.cars.com/for-sale/searchresults.action/?drCntId=28004&kwm=ANY&mdId=20606&mkId=20017&mlgId=28866&page=1&perPage=20&prMx=15000&rd=50&searchSource=GN_REFINEMENT&sort=relevance&stkTypId=28881&zc=02446,"See all 17 photos


















                                Used




                                    $11,880


                                    61,627 mi.






                            2013 Honda Accord LX










                                            Good Deal







                                    LOCAL HOME DELIVERY


                                    VIRTUAL APPOINTMENTS




                                Ext. Color:

                                    Red



                                Int. Color:

                                    Beige



                                Transmission:

                                    CVT



                                Drivetrain:

                                    FWD











                                Save



                                                                Compare









                                    Free AutoCheck Report






                                The Garage



                                             () -
                                            (508) 232-4560



















                                        4.2  (38 reviews)



                                19 mi. from 02446









                                    Check Availability



                                            Call",https://www.cars.com/vehicledetail/detail/808933357/overview/,2013 Honda Accord LX,"$11,880 ","61,627 miles",Sold by The Garage,"Brockton, MA 02301",-4.2,38 Reviews,Gasoline,24,34,FWD,2.4L I4 16V GDI DOHC,Burgundy,Parchment,12013HP,Automatic CVT with Sport Mode,1HGCR2F32DA212013,(774) 480-1862
1592756661-268,https://www.cars.com/for-sale/searchresults.action/?drCntId=28004&kwm=ANY&mdId=20606&mkId=20017&mlgId=28866&page=1&perPage=20&prMx=15000&rd=50&searchSource=GN_REFINEMENT&sort=relevance&stkTypId=28881&zc=02446,"See all 49 photos


















                                Used




                                    $11,690


                                    54,500 mi.






                            2011 Honda Accord EX-L










                                            Good Deal









                                Ext. Color:

                                    Gray



                                Int. Color:

                                    Gray



                                Transmission:

                                    Automatic



                                Drivetrain:

                                    FWD











                                Save



                                                                Compare









                                    Free CARFAX Report






                                The Highline Group



                                             () -
                                            (978) 427-6601



















                                        4.7  (251 reviews)



                                23 mi. from 02446









                                    Check Availability



                                            Call",https://www.cars.com/vehicledetail/detail/796003802/overview/,2011 Honda Accord EX-L,"$11,690 ","54,500 miles",Sold by The Highline Group,"Lowell, MA 01851",-4.6,251 Reviews,Gasoline,23,34,FWD,2.4L I4 16V MPFI DOHC,Gray,Gray,19-1033,5-Speed Automatic,1HGCP2F86BA049302,(978) 955-2078
1592756694-277,https://www.cars.com/for-sale/searchresults.action/?drCntId=28004&kwm=ANY&mdId=20606&mkId=20017&mlgId=28866&page=1&perPage=20&prMx=15000&rd=50&searchSource=GN_REFINEMENT&sort=relevance&stkTypId=28881&zc=02446,"See all 77 photos


















                                Used




                                    $11,600


                                    64,395 mi.






                            2015 Honda Accord LX




                                Ext. Color:

                                    White



                                Int. Color:

                                    White



                                Transmission:

                                    CVT



                                Drivetrain:

                                    FWD











                                Save



                                                                Compare









                                    CARFAX Report






                                Cars of Boston



                                             () -
                                            (617) 229-6713





                                5 mi. from 02446









                                    Check Availability



                                            Call",https://www.cars.com/vehicledetail/detail/813820054/overview/,2015 Honda Accord LX,"$11,600 ","64,395 miles",Sold by Cars of Boston,"Newton, MA 02465",null,null,Gasoline,24,34,FWD,2.4L I4 16V GDI DOHC,White,Ivory,153620,Automatic CVT,1HGCR2F38FA153620,(857) 412-7143
1592756542-234,https://www.cars.com/for-sale/searchresults.action/?drCntId=28004&kwm=ANY&mdId=20606&mkId=20017&mlgId=28866&page=1&perPage=20&prMx=15000&rd=50&searchSource=GN_REFINEMENT&sort=relevance&stkTypId=28881&zc=02446,"JUST ADDED
















                                Used




                                    $10,995


                                    66,778 mi.






                            2012 Honda Accord LX










                                    HOT CAR






                                Ext. Color:

                                    Silver



                                Int. Color:

                                    Other



                                Transmission:

                                    Automatic



                                Drivetrain:

                                    FWD











                                Save



                                                                Compare









                                    Free CARFAX Report






                                Atamian Honda



                                             () -
                                            (978) 935-4307



















                                        4.7  (154 reviews)



                                21 mi. from 02446


                                    Authorized Honda Dealer









                                    Check Availability



                                            Call",https://www.cars.com/vehicledetail/detail/813939091/overview/,2012 Honda Accord LX,"$10,995 ","66,778 miles",Sold by Atamian Honda,"Tewksbury, MA 01876",-4.7,154 Reviews,Gasoline,23,0H794-1,5-Speed Automatic,1HGCP2F34CA090727,Silver,34,FWD,2.4L I4 16V MPFI DOHC,"66,778",(978) 954-6865
1592756554-238,https://www.cars.com/for-sale/searchresults.action/?drCntId=28004&kwm=ANY&mdId=20606&mkId=20017&mlgId=28866&page=1&perPage=20&prMx=15000&rd=50&searchSource=GN_REFINEMENT&sort=relevance&stkTypId=28881&zc=02446,"Used




                                    $10,990


                                    66,055 mi.






                            2011 Honda Accord SE










                                            Good Deal









                                Ext. Color:

                                    Gray



                                Int. Color:

                                    Black



                                Transmission:

                                    Automatic



                                Drivetrain:

                                    FWD











                                Save



                                                                Compare









                                    Free CARFAX 1-Owner Report






                                Wayland Automotive



                                             () -
                                            (508) 401-7185



















                                        4  (14 reviews)



                                11 mi. from 02446









                                    Check Availability



                                            Call",https://www.cars.com/vehicledetail/detail/811194916/overview/,2011 Honda Accord SE,"$10,990 ","66,055 miles",Sold by Wayland Automotive,"Wayland, MA 01778",-4,14 Reviews,Gasoline,23,34,FWD,2.4L I4 16V MPFI DOHC,Polished Metal Metallic,Black,3654,5-Speed Automatic,1HGCP2F67BA003654,(774) 806-4079
1592756681-274,https://www.cars.com/for-sale/searchresults.action/?drCntId=28004&kwm=ANY&mdId=20606&mkId=20017&mlgId=28866&page=1&perPage=20&prMx=15000&rd=50&searchSource=GN_REFINEMENT&sort=relevance&stkTypId=28881&zc=02446,"See all 27 photos


















                                Used




                                    $8,995


                                    51,928 mi.






                            2010 Honda Accord LX










                                            Good Deal







                                    LOCAL HOME DELIVERY


                                    VIRTUAL APPOINTMENTS




                                Ext. Color:

                                    Black



                                Int. Color:

                                    Beige



                                Transmission:

                                    Automatic



                                Drivetrain:

                                    FWD











                                Save



                                                                Compare









                                    Free CARFAX Report






                                Alex Auto Sales



                                             () -
                                            (978) 548-4596



















                                        5  (6 reviews)



                                15 mi. from 02446









                                    Check Availability



                                            Call",https://www.cars.com/vehicledetail/detail/812259350/overview/,2010 Honda Accord LX,"$8,995 ","51,928 miles",Sold by Alex Auto Sales,"Peabody, MA 01960",-5,6 Reviews,Gasoline,22,31,FWD,2.4L I4 16V MPFI DOHC,Black,Tan,A1003,5-Speed Automatic,1HGCP2F3XAA087036,(978) 982-1114
1592756703-280,https://www.cars.com/for-sale/searchresults.action/?drCntId=28004&kwm=ANY&mdId=20606&mkId=20017&mlgId=28866&page=1&perPage=20&prMx=15000&rd=50&searchSource=GN_REFINEMENT&sort=relevance&stkTypId=28881&zc=02446,"See all 26 photos


















                                Used




                                    $6,750


                                    67,876 mi.






                            2007 Honda Accord LX










                                            Good Deal









                                Ext. Color:

                                    Silver



                                Int. Color:

                                    Gray



                                Transmission:

                                    Automatic



                                Drivetrain:

                                    FWD











                                Save



                                                                Compare









                                    Free CARFAX Report






                                Cambridge Honda



                                             () -
                                            (617) 674-0755



















                                        4.3  (43 reviews)



                                3 mi. from 02446


                                    Authorized Honda Dealer









                                    Check Availability



                                            Call",https://www.cars.com/vehicledetail/detail/800846384/overview/,2007 Honda Accord LX,"$6,750 ","67,876 miles",Sold by Cambridge Honda,"Cambridge, MA 02138",-4.3,43 Reviews,Gasoline,20,29,FWD,2.4L I4 16V MPFI DOHC,Silver,Gray,1983020,5-Speed Automatic,1HGCM56457A095427,(857) 412-7137
